model,accuracy,roc_auc,precision_1,recall_1,f1_1
RandomForest,0.7884615384615384,0.8387573964497042,0.7419354838709677,0.8846153846153846,0.8070175438596491
LogisticRegression,0.7115384615384616,0.8150887573964497,0.72,0.6923076923076923,0.7058823529411765
SVM (rbf),0.6923076923076923,0.7781065088757396,0.6923076923076923,0.6923076923076923,0.6923076923076923
